"Instrument","Qty.","Avg. cost","LTP","Invested","Cur. val","P&L","Net chg.","Day chg.",""
"1048NFL26",1,0,9900,0,9900,0,0,-0.96,""
"AARTIIND",9,577.49,440.95,5197.4,3968.55,-1228.85,-23.64,-2.79,""
"AJANTPHARM",5,2723,2852.7,13615,14263.5,648.5,4.76,1.26,""
"AMBUJACEM",6,564.5,529.5,3387,3177,-210,-6.2,-0.67,""
"ANGELONE",7,2581.77,2642,18072.4,18494,421.6,2.33,-0.11,""
"ARE&M",4,1404.95,865.7,5619.8,3462.8,-2157,-38.38,-1.22,""
"ASIANPAINT",7,2418.14,2402.7,16927,16818.9,-108.1,-0.64,-1.21,""
"AUTOBEES",18,258.14,281.94,4646.46,5074.92,428.46,9.22,-0.51,""
"BALAMINES",3,2106.85,1125.4,6320.55,3376.2,-2944.35,-46.58,1.83,""
"BANKBEES",8,532.76,619.79,4262.08,4958.32,696.24,16.34,-0.12,""
"BDL",2,1208.95,1268.85,2417.9,2537.7,119.8,4.95,-0.3,""
"BEL",10,266.15,429.65,2661.5,4296.5,1635,61.43,-0.75,""
"BIOCON",5,360.95,365.4,1804.75,1827,22.25,1.23,-0.65,""
"BSOFT",22,486.4,435.7,10700.8,9585.4,-1115.4,-10.42,-5.4,""
"CAMS",5,722.6,722.8,3613,3614,1,0.03,-1.13,""
"CIPLA",11,1615.04,1330.8,17765.45,14638.8,-3126.65,-17.6,-0.14,""
"COCHINSHIP",4,1524,1490.1,6096,5960.4,-135.6,-2.22,0.49,""
"CONSUMBEES",32,133.81,131.16,4281.92,4197.12,-84.8,-1.98,0.73,""
"DELTACORP",7,127.45,65.88,892.15,461.16,-430.99,-48.31,1.35,""
"DMART",6,3893.3,3889.9,23359.8,23339.4,-20.4,-0.09,-1.14,""
"EICHERMOT",3,4711.98,7177.5,14135.95,21532.5,7396.55,52.32,-0.44,""
"EIHOTEL",10,392.8,349,3928,3490,-438,-11.15,2.17,""
"ELGIEQUIP",5,434.9,485.8,2174.5,2429,254.5,11.7,-0.37,""
"ESCORTS",2,3737.55,3763.7,7475.1,7527.4,52.3,0.7,1.34,""
"FINIETF",211,27.05,32.25,5707.46,6804.75,1097.29,19.23,0.16,""
"GMBREW",4,635.84,1033.7,2543.35,4134.8,1591.45,62.57,1.64,""
"GREAVESCOT",11,164.14,168.72,1805.49,1855.92,50.43,2.79,-0.4,""
"HAL",1,4133.7,4068.1,4133.7,4068.1,-65.6,-1.59,0.82,""
"HDFCBANK",17,789.61,941.2,13423.45,16000.4,2576.95,19.2,-0.87,""
"HINDCOPPER",24,292.67,579.85,7024,13916.4,6892.4,98.13,-4.52,""
"HINDUNILVR",4,2400.85,2424.2,9603.41,9696.8,93.39,0.97,2.96,""
"HNGSNGBEES",40,350.15,538.3,14005.93,21532,7526.07,53.73,-0.94,""
"HUDCO",5,204.1,192.17,1020.5,960.85,-59.65,-5.85,-1.32,""
"INDIGO",1,4068.95,4911.7,4068.95,4911.7,842.75,20.71,-0.45,""
"INDUSTOWER",10,371.9,443.4,3719,4434,715,19.23,0.16,""
"INFRAIETF",42,92.71,98.09,3894.02,4119.78,225.76,5.8,0.4,""
"INFY",3,1476.95,1507.1,4430.85,4521.3,90.45,2.04,-0.86,""
"IRB",50,53.27,43.14,2663.5,2157,-506.5,-19.02,2.08,""
"IRCON",25,206.07,153.25,5151.7,3831.25,-1320.45,-25.63,-0.78,""
"IRCTC",13,811.89,620,10554.6,8060,-2494.6,-23.64,-0.28,""
"IRFC",17,130.21,114.53,2213.6,1947.01,-266.59,-12.04,-0.16,""
"ITBEES",337,39.39,39.35,13273.12,13260.95,-12.17,-0.09,-1.58,""
"JPPOWER",290,17.73,15.15,5140.7,4393.5,-747.2,-14.53,1.13,""
"KOTAKBANK",70,354.34,422.35,24803.45,29564.5,4761.05,19.2,3.35,""
"LAURUSLABS",18,436,950.6,7848,17110.8,9262.8,118.03,-1.48,""
"LICHSGFIN",12,662.98,519.35,7955.75,6232.2,-1723.55,-21.66,0.73,""
"LICI",9,913.86,901.85,8224.7,8116.65,-108.05,-1.31,7.4,""
"LODHA",2,1183.5,1055.1,2367,2110.2,-256.8,-10.85,0.62,""
"LTIM",1,4276.95,5561.5,4276.95,5561.5,1284.55,30.03,-2.15,""
"MAFANG",51,97.69,157.16,4981.99,8015.16,3033.17,60.88,-2.42,""
"MAZDOCK",2,2053.95,2402.4,4107.9,4804.8,696.9,16.96,0.17,""
"MEDANTA",5,1077.36,1142.7,5386.8,5713.5,326.7,6.06,3.16,""
"METALIETF",750,9.59,11.97,7194.19,8977.5,1783.31,24.79,0.08,""
"MID150BEES",27,220.5,226.76,5953.57,6122.52,168.95,2.84,0.21,""
"MIDHANI",10,375.7,354.3,3757,3543,-214,-5.7,-2.1,""
"MODEFENCE",26,70.26,85.11,1826.83,2212.86,386.03,21.13,-0.46,""
"MON100",41,167.81,227.7,6880.08,9335.7,2455.62,35.69,1.16,""
"MOSCHIP",10,207.08,198.14,2070.8,1981.4,-89.4,-4.32,-1.73,""
"NATCOPHARM",3,817.5,823.55,2452.5,2470.65,18.15,0.74,-0.65,""
"NAZARA",15,280.4,259,4206,3885,-321,-7.63,-6.46,""
"NBCC",80,111.68,98.3,8934.05,7864,-1070.05,-11.98,-2.63,""
"NHPC",318,79.67,79.43,25333.98,25258.74,-75.24,-0.3,-0.69,""
"NIFTYBEES",9,274.9,290.65,2474.11,2615.85,141.74,5.73,0.1,""
"NMDC",28,72.6,84.08,2032.93,2354.24,321.31,15.81,-0.61,""
"OIL",15,438.5,497.3,6577.5,7459.5,882,13.41,-0.2,""
"OILIETF",372,11.87,12.35,4417.31,4594.2,176.89,4,0.57,""
"PARACABLES",29,81.12,38.44,2352.48,1114.76,-1237.72,-52.61,-1.74,""
"PFIZER",1,5142,4585.75,5142,4585.75,-556.25,-10.82,-2.29,""
"PHARMABEES",112,23.5,22.49,2631.74,2518.88,-112.86,-4.29,-0.66,""
"PNB",202,100.4,122.85,20280.08,24815.7,4535.62,22.36,-1.01,""
"PSUBNKBEES",70,73.64,98.77,5154.45,6913.9,1759.45,34.13,-0.71,""
"PVRINOX",12,1266.86,1006.6,15202.3,12079.2,-3123.1,-20.54,2.57,""
"RELIANCE",6,1258.33,1450.85,7550,8705.1,1155.1,15.3,0.52,""
"RVNL",5,455.25,314.15,2276.25,1570.75,-705.5,-30.99,-0.81,""
"SAKAR",20,320.26,437.3,6405.15,8746,2340.85,36.55,0.59,""
"SBICARD",8,713.54,757.2,5708.35,6057.6,349.25,6.12,1.02,""
"SBIN",6,816.01,1066.4,4896.05,6398.4,1502.35,30.68,-0.65,""
"SILVERBEES",23,86.25,224.46,1983.75,5162.58,3178.83,160.24,-5.06,""
"SMALLCAP",146,49.54,42.25,7233.16,6168.5,-1064.66,-14.72,-0.24,""
"TATATECH",15,880.03,617.65,13200.45,9264.75,-3935.7,-29.81,-3.91,""
"TCS",2,3062,2941.6,6124,5883.2,-240.8,-3.93,-1.67,""
"TITAGARH",3,914.75,781.5,2744.25,2344.5,-399.75,-14.57,0.19,""
"TITAN",10,3198.92,4135,31989.15,41350,9360.85,29.26,0.9,""
"TMCV",30,248.96,458.25,7468.77,13747.5,6278.73,84.07,0.52,""
"TMPV",30,550.27,369.9,16508.03,11097,-5411.03,-32.78,-1.14,""
"UPL",8,633.74,741.3,5069.9,5930.4,860.5,16.97,-0.85,""
"VIPIND",14,446.41,385.7,6249.8,5399.8,-850,-13.6,-0.12,""
"WIPRO",41,246.51,230.72,10107,9459.52,-647.48,-6.41,-1.14,""
